week,min_date,max_date,week_range
0,May 01,May 07,May 01 - May 07
1,May 08,May 14,May 08 - May 14
2,May 15,May 21,May 15 - May 21
3,May 22,May 28,May 22 - May 28
4,May 29,June 04,May 29 - June 04
5,June 05,June 11,June 05 - June 11
6,June 12,June 18,June 12 - June 18
7,June 19,June 25,June 19 - June 25
8,June 26,July 02,June 26 - July 02
9,July 03,July 09,July 03 - July 09
10,July 10,July 16,July 10 - July 16
11,July 17,July 23,July 17 - July 23
12,July 24,July 30,July 24 - July 30
13,August 04,August 05,August 04 - August 05
14,August 07,August 13,August 07 - August 13
15,August 14,August 20,August 14 - August 20
16,August 21,August 25,August 21 - August 25
17,September 01,September 03,September 01 - September 03
18,September 04,September 10,September 04 - September 10
19,September 11,September 17,September 11 - September 17
20,September 18,September 24,September 18 - September 24
21,September 25,October 01,September 25 - October 01
22,October 02,October 08,October 02 - October 08
23,October 09,October 15,October 09 - October 15
24,October 16,October 22,October 16 - October 22
25,October 23,October 29,October 23 - October 29
26,October 30,November 05,October 30 - November 05
27,November 06,November 12,November 06 - November 12
28,November 13,November 19,November 13 - November 19
29,November 20,November 26,November 20 - November 26
30,November 27,November 30,November 27 - November 30
