week,week_start,week_end,issue,n_tweets_issue,n_tweets_week,days_with_data,issue_share,issue_share_change,period,from_period,content_shift,proportion_shift,new_frames,shift_score,topic_biden,topic_trump,topic_maga_movement,topic_harris,topic_partisan_talk
0,2024-05-01,2024-05-07,abortion,3,900,7,0.0033333333333333335,,0,,,,,,0.37556278195315684,0.10518684537093935,0.06737796226467306,0.05139229958052913,0.4004801108307015
1,2024-05-08,2024-05-14,abortion,5,1000,7,0.005,0.0016666666666666666,0,,,,,,0.07851697031912089,0.07791462465275241,0.10013071226633088,0.2682717373281409,0.4751659554336549
2,2024-05-15,2024-05-21,abortion,3,540,7,0.005555555555555556,0.0005555555555555557,0,,,,,,0.14212574103740988,0.029753921788384523,0.10989520975803711,0.027712824897583397,0.690512302518585
3,2024-05-22,2024-05-28,abortion,2,740,7,0.002702702702702703,-0.002852852852852853,0,,,,,,0.10279028769938514,0.05882296096659907,0.049227286880873515,0.0895351427436121,0.6996243217095302
4,2024-05-29,2024-06-04,abortion,3,719,7,0.004172461752433936,0.0014697590497312332,1,,,,,,0.059098965856917145,0.32280053636947903,0.0860757562250416,0.0581576758957117,0.4738670656528506
5,2024-06-05,2024-06-11,abortion,8,818,7,0.009779951100244499,0.005607489347810563,1,,,,,,0.07854083851180824,0.11774323220135366,0.03440943428093788,0.11369641651180577,0.6556100784940944
6,2024-06-12,2024-06-18,abortion,15,1450,7,0.010344827586206896,0.0005648764859623977,1,,,,,,0.14899974408541608,0.07802511619560715,0.1649763697423266,0.03698174072388608,0.5710170292527642
7,2024-06-19,2024-06-25,abortion,11,940,7,0.011702127659574468,0.0013573000733675712,1,,,,,,0.13462978029300576,0.14389936776304663,0.10183097240624843,0.05302164342242055,0.5666182361152787
8,2024-06-26,2024-07-02,abortion,7,645,7,0.010852713178294573,-0.0008494144812798941,2,,,,,,0.19081141566121476,0.28125752057093717,0.21205582456474095,0.020654949646504838,0.29522028955660223
9,2024-07-03,2024-07-09,abortion,12,1235,7,0.009716599190283401,-0.0011361139880111722,2,,,,,,0.09427247701961161,0.1534782142360451,0.047583042926721546,0.1631358905037398,0.5415303753138819
10,2024-07-10,2024-07-16,abortion,16,2385,7,0.0067085953878406705,-0.0030080038024427307,2,,,,,,0.17405835361105967,0.13309585968210885,0.06913029149008838,0.0644256005757934,0.5592898946409497
11,2024-07-17,2024-07-23,abortion,14,1980,7,0.007070707070707071,0.0003621116828664006,2,,,,,,0.105132251565455,0.19157740317264232,0.0752187608469752,0.061728068334380125,0.5663435160805473
12,2024-07-24,2024-07-30,abortion,1,420,7,0.002380952380952381,-0.00468975468975469,3,,,,,,0.038801045657587296,0.03250845441292097,0.0316832902738982,0.10688070277295038,0.7901265068826431
13,2024-07-31,2024-08-06,abortion,2,80,2,0.025,0.022619047619047622,3,,,,,,0.1703799290329292,0.14324704357057103,0.06340452612022567,0.06884961202280376,0.5541188892534703
14,2024-08-07,2024-08-13,abortion,10,1060,7,0.009433962264150943,-0.015566037735849058,3,,,,,,0.18053134496990764,0.05850710081943311,0.11911111028739693,0.06594231961850999,0.5759081243047524
15,2024-08-14,2024-08-20,abortion,8,1140,7,0.007017543859649123,-0.00241641840450182,3,,,,,,0.08552002170100778,0.1209647385698338,0.08149630648161922,0.18871195613275343,0.5233069771147857
16,2024-08-21,2024-08-27,abortion,2,200,2,0.01,0.0029824561403508773,4,,,,,,0.0009595008599478485,0.44554818867678636,0.02204033387763515,0.2652500407123476,0.2662019358732831
17,2024-08-28,2024-09-03,abortion,2,120,3,0.016666666666666666,0.006666666666666666,4,,,,,,0.14301478725186162,0.35123227405142904,0.04982453752900607,0.06176668403103023,0.39416171713667314
18,2024-09-04,2024-09-10,abortion,2,184,5,0.010869565217391304,-0.005797101449275362,4,,,,,,0.22034861065455874,0.03712399765193127,0.09824270782667666,0.04820424736727182,0.5960804364995616
19,2024-09-11,2024-09-17,abortion,5,426,5,0.011737089201877934,0.0008675239844866296,4,,,,,,0.08130239899858498,0.13344554937984715,0.03402505732628396,0.09483371815130562,0.6563932761439782
20,2024-09-18,2024-09-24,abortion,20,1169,7,0.01710863986313088,0.0053715506612529475,5,,,,,,0.05206663312723492,0.16927999449945658,0.013997448776474056,0.2193129540751558,0.5453429695216786
21,2024-09-25,2024-10-01,abortion,7,1326,7,0.005279034690799397,-0.011829605172331484,5,,,,,,0.03160165099473896,0.058353062301740664,0.24257033510007323,0.16321267662660044,0.5042622749768466
22,2024-10-02,2024-10-08,abortion,9,1149,7,0.007832898172323759,0.002553863481524362,5,,,,,,0.05503027973778549,0.15973727880316363,0.15389190660948318,0.0833234191621276,0.5480171156874402
23,2024-10-09,2024-10-15,abortion,4,1187,7,0.003369839932603201,-0.004463058239720558,5,,,,,,0.06195008548929979,0.32522637537059823,0.018895490317442813,0.014050861172443412,0.5798771876502158
24,2024-10-16,2024-10-22,abortion,2,338,7,0.005917159763313609,0.002547319830710408,6,,,,,,0.0,0.19112615105000447,0.00044070837069375325,0.3341125056418445,0.47432063493745724
25,2024-10-23,2024-10-29,abortion,2,460,6,0.004347826086956522,-0.0015693336763570875,6,,,,,,0.004091171451003451,0.35867473290193813,0.033556672285343675,0.02554347467054814,0.5781339486911666
26,2024-10-30,2024-11-05,abortion,1,360,7,0.002777777777777778,-0.001570048309178744,6,,,,,,0.0,0.005116520549487248,0.3367402952593197,0.07318493885335584,0.5849582453378372
27,2024-11-06,2024-11-12,abortion,0,360,7,0.0,-0.002777777777777778,6,,,,,,,,,,
28,2024-11-13,2024-11-19,abortion,1,840,6,0.0011904761904761906,0.0011904761904761906,7,,,,,,0.3970360870693021,0.0,0.0,0.0,0.602963912930698
29,2024-11-20,2024-11-26,abortion,7,1020,7,0.006862745098039216,0.005672268907563025,7,,,,,,0.07068226150482367,0.057126999038578506,0.30132594690426545,0.20363479255490907,0.3672299999974233
30,2024-11-27,2024-12-03,abortion,2,540,4,0.003703703703703704,-0.0031590413943355117,7,,,,,,0.007827064167839336,0.15968004070703465,0.2891031519349717,0.1359680379470589,0.4074217052430955
0,2024-05-01,2024-05-07,democracy,10,900,7,0.011111111111111112,,0,,,,,,0.3089769484353799,0.11533122477598336,0.03852480920352389,0.07471323576401494,0.4624537818210979
1,2024-05-08,2024-05-14,democracy,21,1000,7,0.021,0.00988888888888889,0,,,,,,0.20119546445277292,0.08358721917521554,0.1120721253440903,0.043920585488851534,0.5592246055390697
2,2024-05-15,2024-05-21,democracy,6,540,7,0.011111111111111112,-0.00988888888888889,0,,,,,,0.13838058978454867,0.12473359283462272,0.14711036318067075,0.03875796018037852,0.5510174940197793
3,2024-05-22,2024-05-28,democracy,13,740,7,0.01756756756756757,0.006456456456456457,0,,,,,,0.1771019027543413,0.11640496377514757,0.09946311211176367,0.04296389627969111,0.5640661250790564
4,2024-05-29,2024-06-04,democracy,12,719,7,0.016689847009735744,-0.0008777205578318244,1,,,,,,0.15224684906091476,0.192933639678191,0.09511827672738214,0.027439177890930755,0.5322620566425814
5,2024-06-05,2024-06-11,democracy,16,818,7,0.019559902200488997,0.0028700551907532533,1,,,,,,0.19833460786523066,0.22885383364437897,0.09364203594082625,0.023349582638745647,0.4558199399108185
6,2024-06-12,2024-06-18,democracy,23,1450,7,0.015862068965517243,-0.003697833234971755,1,,,,,,0.1390741198222234,0.11276160163271765,0.1663582981043813,0.04150508333398402,0.5403008971066936
7,2024-06-19,2024-06-25,democracy,21,940,7,0.022340425531914895,0.006478356566397652,1,,,,,,0.11686401083232165,0.06758266700244635,0.1587758183417907,0.04155652892256737,0.6152209749008739
8,2024-06-26,2024-07-02,democracy,13,645,7,0.020155038759689922,-0.0021853867722249724,2,1,0.429,0.137,4,0.283,0.2537898141335188,0.17833363827198784,0.31819276002320707,0.01063555586070164,0.23904823171058462
9,2024-07-03,2024-07-09,democracy,40,1235,7,0.032388663967611336,0.012233625207921414,2,1,0.429,0.137,4,0.283,0.2410238079058741,0.14177324270409383,0.08686588650808214,0.08794654738152796,0.44239051550042197
10,2024-07-10,2024-07-16,democracy,76,2385,7,0.031865828092243184,-0.0005228358753681522,2,1,0.429,0.137,4,0.283,0.21890300260989146,0.27026140005470733,0.09905219471424474,0.0370918565343425,0.37469154608681393
11,2024-07-17,2024-07-23,democracy,54,1980,7,0.02727272727272727,-0.004593100819515913,2,1,0.429,0.137,4,0.283,0.2187891761153064,0.1298759045433623,0.0684215481514243,0.08684176362757637,0.4960716075623306
12,2024-07-24,2024-07-30,democracy,9,420,7,0.02142857142857143,-0.005844155844155843,3,,,,,,0.026392685370437804,0.0772891566285267,0.4256878329968847,0.09787196342895517,0.3727583615751956
13,2024-07-31,2024-08-06,democracy,0,80,2,0.0,-0.02142857142857143,3,,,,,,,,,,
14,2024-08-07,2024-08-13,democracy,17,1060,7,0.016037735849056604,0.016037735849056604,3,,,,,,0.09789092345798357,0.197927454216461,0.2787805657259479,0.08002877748531112,0.34537227911429635
15,2024-08-14,2024-08-20,democracy,15,1140,7,0.013157894736842105,-0.002879841112214499,3,,,,,,0.1611426860426312,0.21159689234885717,0.10371322175527327,0.11537801854128818,0.4081691813119502
16,2024-08-21,2024-08-27,democracy,1,200,2,0.005,-0.008157894736842104,4,,,,,,0.8275755870573327,0.0,0.0,0.0,0.1724244129426673
17,2024-08-28,2024-09-03,democracy,2,120,3,0.016666666666666666,0.011666666666666665,4,,,,,,0.2719726247046253,0.20168174654487384,0.0,0.04632911342254918,0.48001651532795175
18,2024-09-04,2024-09-10,democracy,1,184,5,0.005434782608695652,-0.011231884057971014,4,,,,,,0.0,1.0,0.0,0.0,0.0
19,2024-09-11,2024-09-17,democracy,8,426,5,0.018779342723004695,0.013344560114309043,4,,,,,,0.09608742571566833,0.2051209318183037,0.004033793116572456,0.525240718708531,0.16951713064092455
20,2024-09-18,2024-09-24,democracy,21,1169,7,0.017964071856287425,-0.0008152708667172708,5,2,0.573,0.101,3,0.337,0.10200012216077768,0.2372270624256707,0.03603203549075113,0.31827866857639797,0.30646211134640244
21,2024-09-25,2024-10-01,democracy,17,1326,7,0.01282051282051282,-0.0051435590357746044,5,2,0.573,0.101,3,0.337,0.09852035543587434,0.193451334790728,0.1409637557786213,0.09608771052585825,0.4709768434689181
22,2024-10-02,2024-10-08,democracy,14,1149,7,0.012184508268059183,-0.0006360045524536374,5,2,0.573,0.101,3,0.337,0.05421570919226458,0.2989191170505126,0.28064042935670924,0.17005186933065472,0.19617287506985884
23,2024-10-09,2024-10-15,democracy,15,1187,7,0.012636899747262006,0.00045239147920282316,5,2,0.573,0.101,3,0.337,0.039201570647727266,0.24164825211275132,0.18660213618584998,0.03699477264199214,0.49555326841167935
24,2024-10-16,2024-10-22,democracy,5,338,7,0.014792899408284023,0.002155999661022017,6,,,,,,0.09179154468880665,0.3696013010788034,0.20993299258470435,0.13339626715298616,0.1952778944946995
25,2024-10-23,2024-10-29,democracy,9,460,6,0.01956521739130435,0.0047723179830203265,6,,,,,,0.03736906966003487,0.26195365292223616,0.22235618058102255,0.27618160332358455,0.20213949351312183
26,2024-10-30,2024-11-05,democracy,6,360,7,0.016666666666666666,-0.002898550724637683,6,,,,,,0.07122522826142116,0.2484463338442434,0.1974254993564645,0.1522153214349373,0.33068761710293365
27,2024-11-06,2024-11-12,democracy,6,360,7,0.016666666666666666,0.0,6,,,,,,0.11416677001544212,0.11404658336649677,0.07727279434743213,0.30448341461566614,0.39003043765496287
28,2024-11-13,2024-11-19,democracy,6,840,6,0.007142857142857143,-0.009523809523809525,7,,,,,,0.1305840510998552,0.3307179541260839,0.16890482214077981,0.07674337090897564,0.2930498017243055
29,2024-11-20,2024-11-26,democracy,7,1020,7,0.006862745098039216,-0.00028011204481792704,7,,,,,,0.19669472850636208,0.15739038320895343,0.2740539207256962,0.02322814400120704,0.3486328235577813
30,2024-11-27,2024-12-03,democracy,3,540,4,0.005555555555555556,-0.0013071895424836598,7,,,,,,0.06997415613844,0.06124953915695421,0.3722865872911903,0.11351595330353459,0.38297376410988077
0,2024-05-01,2024-05-07,economy,29,900,7,0.03222222222222222,,0,,,,,,0.3507743054570149,0.04663386174923686,0.038533320569931376,0.02689194267406014,0.5371665695497567
1,2024-05-08,2024-05-14,economy,31,1000,7,0.031,-0.0012222222222222218,0,,,,,,0.2921340517422071,0.1324464886035549,0.13385689154783798,0.04067994201895557,0.40088262608744446
2,2024-05-15,2024-05-21,economy,10,540,7,0.018518518518518517,-0.012481481481481482,0,,,,,,0.2523516909526215,0.15584718255356628,0.06832315974918193,0.04449070432769528,0.478987262416935
3,2024-05-22,2024-05-28,economy,26,740,7,0.03513513513513514,0.01661661661661662,0,,,,,,0.2792496969832531,0.09758626054057966,0.037212227647946274,0.0415951299270815,0.5443566849011394
4,2024-05-29,2024-06-04,economy,18,719,7,0.025034770514603615,-0.010100364620531523,1,0,0.589,0.102,2,0.345,0.34984042724481745,0.1147702736983288,0.06045391978906367,0.0473423297074054,0.42759304956038463
5,2024-06-05,2024-06-11,economy,22,818,7,0.02689486552567237,0.0018600950110687561,1,0,0.589,0.102,2,0.345,0.2744709507951702,0.0854961345860319,0.12178756499191122,0.048160563286814756,0.47008478634007195
6,2024-06-12,2024-06-18,economy,46,1450,7,0.031724137931034485,0.0048292724053621144,1,0,0.589,0.102,2,0.345,0.27380350662519676,0.187034875550723,0.07818365240673651,0.036612934665091385,0.42436503075225235
7,2024-06-19,2024-06-25,economy,30,940,7,0.031914893617021274,0.000190755685986789,1,0,0.589,0.102,2,0.345,0.3232048313497569,0.08499497011613028,0.07043827843887719,0.04301299270579025,0.47834892738944534
8,2024-06-26,2024-07-02,economy,13,645,7,0.020155038759689922,-0.011759854857331352,2,1,0.608,0.121,1,0.365,0.30388639645717636,0.21372660246552747,0.13957659394572727,0.047367176639706014,0.2954432304918629
9,2024-07-03,2024-07-09,economy,23,1235,7,0.01862348178137652,-0.0015315569783134024,2,1,0.608,0.121,1,0.365,0.2300324686643596,0.09781123649782007,0.11119002635346917,0.11412735975385994,0.4468389087304912
10,2024-07-10,2024-07-16,economy,38,2385,7,0.015932914046121592,-0.0026905677352549277,2,1,0.608,0.121,1,0.365,0.3116514190322088,0.14312156704113235,0.04360787989511835,0.06436342558873773,0.4372557084428028
11,2024-07-17,2024-07-23,economy,42,1980,7,0.021212121212121213,0.005279207165999621,2,1,0.608,0.121,1,0.365,0.36423621943902207,0.21438468815865563,0.04640365466532929,0.09566968846786308,0.27930574926912993
12,2024-07-24,2024-07-30,economy,10,420,7,0.023809523809523808,0.002597402597402595,3,2,0.605,0.078,2,0.342,0.11859901656086982,0.1325980416121821,0.11064261494560697,0.1744721795947784,0.46368814728656266
13,2024-07-31,2024-08-06,economy,7,80,2,0.0875,0.06369047619047619,3,2,0.605,0.078,2,0.342,0.41383948773310925,0.20548665349574843,0.008461066624348234,0.2635827990827991,0.10862999306399504
14,2024-08-07,2024-08-13,economy,51,1060,7,0.048113207547169815,-0.03938679245283018,3,2,0.605,0.078,2,0.342,0.24851304876610839,0.1589657478102279,0.08065947601154355,0.16535806002535694,0.34650366738676325
15,2024-08-14,2024-08-20,economy,99,1140,7,0.0868421052631579,0.038728897715988087,3,2,0.605,0.078,2,0.342,0.31232596547428354,0.1477003580710335,0.035619477602402486,0.1969666398212969,0.3073875590309836
16,2024-08-21,2024-08-27,economy,15,200,2,0.075,-0.011842105263157904,4,,,,,,0.16628265035802067,0.18768076387142016,0.06286881177699313,0.28757987180778044,0.29558790218578557
17,2024-08-28,2024-09-03,economy,2,120,3,0.016666666666666666,-0.058333333333333334,4,,,,,,0.312814358646669,0.040233416579064936,0.242842795561954,0.12192752257691729,0.2821819066353948
18,2024-09-04,2024-09-10,economy,7,184,5,0.03804347826086957,0.0213768115942029,4,,,,,,0.4595571594558839,0.13148536585472198,0.04733490401838176,0.08381191322310426,0.2778106574479081
19,2024-09-11,2024-09-17,economy,13,426,5,0.03051643192488263,-0.007527046335986939,4,,,,,,0.08221360630608558,0.29313764728929964,0.07060398545100453,0.30087931263421813,0.25316544831939214
20,2024-09-18,2024-09-24,economy,54,1169,7,0.046193327630453376,0.015676895705570747,5,3,0.462,0.163,3,0.313,0.2092286760982566,0.12646895917809087,0.09433769205841501,0.258593821356083,0.3113708513091545
21,2024-09-25,2024-10-01,economy,68,1326,7,0.05128205128205128,0.005088723651597904,5,3,0.462,0.163,3,0.313,0.20558169095348008,0.13352261276517013,0.04902490255507464,0.35838888765912374,0.2534819060671514
22,2024-10-02,2024-10-08,economy,28,1149,7,0.024369016536118365,-0.026913034745932915,5,3,0.462,0.163,3,0.313,0.3197069086842545,0.09410554857709567,0.1304442231713483,0.17953636307191959,0.2762069564953819
23,2024-10-09,2024-10-15,economy,57,1187,7,0.04802021903959562,0.023651202503477256,5,3,0.462,0.163,3,0.313,0.2229375070147338,0.3361296364735662,0.036285718030161535,0.18401383189512996,0.22063330658640853
24,2024-10-16,2024-10-22,economy,9,338,7,0.026627218934911243,-0.021393000104684378,6,,,,,,0.2973294734703588,0.3013037356738566,0.06123141828772686,0.1410971571236614,0.19903821544439632
25,2024-10-23,2024-10-29,economy,17,460,6,0.03695652173913044,0.010329302804219193,6,,,,,,0.2580946902221733,0.14932127939995066,0.08176256024040723,0.296744785534571,0.21407668460289778
26,2024-10-30,2024-11-05,economy,14,360,7,0.03888888888888889,0.001932367149758453,6,,,,,,0.15270876805488204,0.2677143354672786,0.07720139061940065,0.15602020512130313,0.34635530073713555
27,2024-11-06,2024-11-12,economy,7,360,7,0.019444444444444445,-0.019444444444444445,6,,,,,,0.14901733715216778,0.30098192747646607,0.06508823625744403,0.16149227682729544,0.32342022228662665
28,2024-11-13,2024-11-19,economy,23,840,6,0.02738095238095238,0.007936507936507936,7,5,0.735,0.116,2,0.426,0.39843289616415695,0.04015160409989183,0.03290985961186356,0.1186199406592201,0.4098856994648676
29,2024-11-20,2024-11-26,economy,30,1020,7,0.029411764705882353,0.0020308123249299717,7,5,0.735,0.116,2,0.426,0.24743572815475678,0.12333714591683084,0.05337922900282763,0.05937312495021683,0.516474771975368
30,2024-11-27,2024-12-03,economy,15,540,4,0.027777777777777776,-0.0016339869281045763,7,5,0.735,0.116,2,0.426,0.27294343790242126,0.3151056668511764,0.0657882848990611,0.10989603014050194,0.2362665802068393
0,2024-05-01,2024-05-07,foreign_policy,39,900,7,0.043333333333333335,,0,,,,,,0.312288742548372,0.09637554118413337,0.09436810162220007,0.04126443736976729,0.4557031772755272
1,2024-05-08,2024-05-14,foreign_policy,78,1000,7,0.078,0.034666666666666665,0,,,,,,0.5172599235541168,0.07759203913549735,0.08554431749356552,0.03225022827834655,0.2873534915384739
2,2024-05-15,2024-05-21,foreign_policy,13,540,7,0.024074074074074074,-0.053925925925925926,0,,,,,,0.27961345719942093,0.09094864331547886,0.2195898989747323,0.047936109088811935,0.36191189142155594
3,2024-05-22,2024-05-28,foreign_policy,22,740,7,0.02972972972972973,0.005655655655655657,0,,,,,,0.3709057598749256,0.07937471082580158,0.09845915860911568,0.05013987042301227,0.4011205002671449
4,2024-05-29,2024-06-04,foreign_policy,18,719,7,0.025034770514603615,-0.004694959215126117,1,0,0.526,0.103,2,0.314,0.3336574301858046,0.21174162078747893,0.10816121416409966,0.044417329324974476,0.3020224055376423
5,2024-06-05,2024-06-11,foreign_policy,33,818,7,0.040342298288508556,0.015307527773904941,1,0,0.526,0.103,2,0.314,0.3053261704545108,0.07811590644881841,0.11058600084931745,0.03602335664926348,0.46994856559808984
6,2024-06-12,2024-06-18,foreign_policy,60,1450,7,0.041379310344827586,0.0010370120563190297,1,0,0.526,0.103,2,0.314,0.3332833475671063,0.14938065858070246,0.09199473155067654,0.07177529917099937,0.3535659631305153
7,2024-06-19,2024-06-25,foreign_policy,29,940,7,0.030851063829787233,-0.010528246515040352,1,0,0.526,0.103,2,0.314,0.3920138704642751,0.13328328802184855,0.03703904905034864,0.047397259508511785,0.3902665329550159
8,2024-06-26,2024-07-02,foreign_policy,11,645,7,0.017054263565891473,-0.01379680026389576,2,1,0.438,0.155,2,0.297,0.1395599966538098,0.057357746998166086,0.09098564291939835,0.019602290033098234,0.6924943233955275
9,2024-07-03,2024-07-09,foreign_policy,32,1235,7,0.025910931174089068,0.008856667608197595,2,1,0.438,0.155,2,0.297,0.4061735365072543,0.15505995577956352,0.10071848657323722,0.033389147722215476,0.30465887341772946
10,2024-07-10,2024-07-16,foreign_policy,84,2385,7,0.03522012578616352,0.009309194612074453,2,1,0.438,0.155,2,0.297,0.39239519625457264,0.1953049191410218,0.06531138842226385,0.039585369635181174,0.3074031265469606
11,2024-07-17,2024-07-23,foreign_policy,44,1980,7,0.022222222222222223,-0.012997903563941298,2,1,0.438,0.155,2,0.297,0.3030254888119722,0.1523342747659258,0.08187814882060863,0.0844058306321381,0.37835625696935526
12,2024-07-24,2024-07-30,foreign_policy,15,420,7,0.03571428571428571,0.01349206349206349,3,2,0.705,0.07,3,0.388,0.10173381731557228,0.05932920956114548,0.0963238178457226,0.308358858237825,0.43425429703973467
13,2024-07-31,2024-08-06,foreign_policy,4,80,2,0.05,0.01428571428571429,3,2,0.705,0.07,3,0.388,0.6141058510693942,0.04437740687026043,0.02947792494030677,0.041041735932684086,0.27099708118735455
14,2024-08-07,2024-08-13,foreign_policy,28,1060,7,0.026415094339622643,-0.02358490566037736,3,2,0.705,0.07,3,0.388,0.3333731379145562,0.13773199220893217,0.11395238169738672,0.1706775096141627,0.24426497856496218
15,2024-08-14,2024-08-20,foreign_policy,37,1140,7,0.03245614035087719,0.006041046011254547,3,2,0.705,0.07,3,0.388,0.3590094159588234,0.09736591238424486,0.10263439545221999,0.09956042413657026,0.34142985206814147
16,2024-08-21,2024-08-27,foreign_policy,6,200,2,0.03,-0.002456140350877191,4,,,,,,0.48570700289997687,0.09452439962059724,0.03741274295614313,0.11461166527933932,0.26774418924394344
17,2024-08-28,2024-09-03,foreign_policy,7,120,3,0.058333333333333334,0.028333333333333335,4,,,,,,0.27575412533519544,0.18175038531880655,0.021790247519043147,0.13446119828873107,0.3862440435382238
18,2024-09-04,2024-09-10,foreign_policy,13,184,5,0.07065217391304347,0.012318840579710139,4,,,,,,0.3740874699825702,0.12211659077359417,0.012924209190753913,0.17853757304762075,0.31233415700546097
19,2024-09-11,2024-09-17,foreign_policy,11,426,5,0.025821596244131457,-0.04483057766891202,4,,,,,,0.18421776223847683,0.21052736209722148,0.004175300712471433,0.1783713679108427,0.4227082070409876
20,2024-09-18,2024-09-24,foreign_policy,35,1169,7,0.029940119760479042,0.004118523516347585,5,3,0.601,0.078,1,0.339,0.2809609371301185,0.144336206543451,0.0581716388140539,0.15779420073628506,0.35873701677609154
21,2024-09-25,2024-10-01,foreign_policy,83,1326,7,0.06259426847662142,0.032654148716142375,5,3,0.601,0.078,1,0.339,0.3398556495259001,0.12453195854520219,0.06914732399782016,0.13034235972730143,0.3361227082037762
22,2024-10-02,2024-10-08,foreign_policy,45,1149,7,0.0391644908616188,-0.023429777615002617,5,3,0.601,0.078,1,0.339,0.3543449406018647,0.1700066182536226,0.09231392545833837,0.11294852320445048,0.27038599248172385
23,2024-10-09,2024-10-15,foreign_policy,57,1187,7,0.04802021903959562,0.008855728177976821,5,3,0.601,0.078,1,0.339,0.3651267068010926,0.12627502629356774,0.0642010297251364,0.1340384500779603,0.31035878710224296
24,2024-10-16,2024-10-22,foreign_policy,6,338,7,0.01775147928994083,-0.030268739749654792,6,,,,,,0.14078665443458663,0.16654651158870187,0.18320415986074168,0.2443247315396165,0.26513794257635326
25,2024-10-23,2024-10-29,foreign_policy,20,460,6,0.043478260869565216,0.025726781579624387,6,,,,,,0.23767835612032795,0.1972179655427905,0.09808354493961599,0.14817232090386917,0.3188478124933964
26,2024-10-30,2024-11-05,foreign_policy,7,360,7,0.019444444444444445,-0.02403381642512077,6,,,,,,0.3791602915286966,0.08964838193500613,0.0144393993754255,0.30994622506685,0.2068057020940218
27,2024-11-06,2024-11-12,foreign_policy,13,360,7,0.03611111111111111,0.016666666666666663,6,,,,,,0.13927548136838855,0.43918500361890456,0.08197164457609268,0.06901074981836991,0.27055712061824433
28,2024-11-13,2024-11-19,foreign_policy,67,840,6,0.07976190476190476,0.04365079365079365,7,5,0.483,0.101,2,0.292,0.4381930247564273,0.17576122556775012,0.05217119409411065,0.06990484335167518,0.2639697122300368
29,2024-11-20,2024-11-26,foreign_policy,57,1020,7,0.05588235294117647,-0.023879551820728283,7,5,0.483,0.101,2,0.292,0.43252525641032225,0.13487747412902146,0.05244779596043158,0.03849575760587383,0.34165371589435095
30,2024-11-27,2024-12-03,foreign_policy,31,540,4,0.05740740740740741,0.0015250544662309337,7,5,0.483,0.101,2,0.292,0.2931583005331693,0.12985510327041924,0.08752833831964771,0.03680266384946398,0.45265559402729977
0,2024-05-01,2024-05-07,healthcare,7,900,7,0.0077777777777777776,,0,,,,,,0.2172801826461626,0.03702673973987342,0.0679456578231173,0.07070550407065165,0.6070419157201951
1,2024-05-08,2024-05-14,healthcare,2,1000,7,0.002,-0.0057777777777777775,0,,,,,,0.08608621824035571,0.0013004993063859543,0.0196698480108331,0.049802420770556785,0.8431410136718684
2,2024-05-15,2024-05-21,healthcare,3,540,7,0.005555555555555556,0.0035555555555555557,0,,,,,,0.0479011161360694,0.21200871303550475,0.0023599377189048023,0.026685803087949406,0.7110444300215716
3,2024-05-22,2024-05-28,healthcare,1,740,7,0.0013513513513513514,-0.004204204204204204,0,,,,,,0.1477078756030347,0.1674517372145519,0.15931439346330886,0.14418511064826858,0.3813408830708359
4,2024-05-29,2024-06-04,healthcare,2,719,7,0.0027816411682892906,0.0014302898169379391,1,,,,,,0.2722354018605753,0.17112578732472994,0.11138327231599363,0.06859121296197589,0.37666432553672535
5,2024-06-05,2024-06-11,healthcare,3,818,7,0.003667481662591687,0.0008858404943023965,1,,,,,,0.07867939014710912,0.1656430194018853,0.32863466970303806,0.022826550763521053,0.4042163699844463
6,2024-06-12,2024-06-18,healthcare,5,1450,7,0.0034482758620689655,-0.00021920580052272156,1,,,,,,0.3929470857973526,0.1044810515884896,0.021509177816234022,0.018332389512230294,0.4627302952856935
7,2024-06-19,2024-06-25,healthcare,1,940,7,0.0010638297872340426,-0.002384446074834923,1,,,,,,0.4634664632644745,0.0,0.0,0.03672056707550017,0.4998129696600254
8,2024-06-26,2024-07-02,healthcare,2,645,7,0.0031007751937984496,0.002036945406564407,2,,,,,,0.3214760485382283,0.21251794791578554,0.049970552691337225,0.003319653792569793,0.4127157970620791
9,2024-07-03,2024-07-09,healthcare,6,1235,7,0.004858299595141701,0.001757524401343251,2,,,,,,0.22394309306907909,0.14546499840598717,0.04359388783866797,0.21814348651223436,0.3688545341740314
10,2024-07-10,2024-07-16,healthcare,5,2385,7,0.0020964360587002098,-0.002761863536441491,2,,,,,,0.38517563601941446,0.02926650953305502,0.060049106069090155,0.12766784545339635,0.39784090292504404
11,2024-07-17,2024-07-23,healthcare,6,1980,7,0.0030303030303030303,0.0009338669716028205,2,,,,,,0.2553143157225977,0.19413449904880262,0.11676673000105826,0.02588376608485332,0.407900689142688
12,2024-07-24,2024-07-30,healthcare,2,420,7,0.004761904761904762,0.001731601731601732,3,,,,,,0.0,0.2996379780224861,0.0,0.4883751222850116,0.21198689969250223
13,2024-07-31,2024-08-06,healthcare,0,80,2,0.0,-0.004761904761904762,3,,,,,,,,,,
14,2024-08-07,2024-08-13,healthcare,2,1060,7,0.0018867924528301887,0.0018867924528301887,3,,,,,,0.22629791034075955,0.0,0.05250025835559682,0.19825816292919424,0.5229436683744495
15,2024-08-14,2024-08-20,healthcare,9,1140,7,0.007894736842105263,0.006007944389275075,3,,,,,,0.27859339230209834,0.07165178290812896,0.10924027747935469,0.06392450403599431,0.4765900432744238
16,2024-08-21,2024-08-27,healthcare,2,200,2,0.01,0.002105263157894737,4,,,,,,0.2107060993156908,0.01702923770501017,0.037219669293231984,0.015985404955286553,0.7190595887307805
17,2024-08-28,2024-09-03,healthcare,0,120,3,0.0,-0.01,4,,,,,,,,,,
18,2024-09-04,2024-09-10,healthcare,0,184,5,0.0,0.0,4,,,,,,,,,,
19,2024-09-11,2024-09-17,healthcare,2,426,5,0.004694835680751174,0.004694835680751174,4,,,,,,0.1285257601997444,0.0912187050431591,0.032123376018043825,0.24507597305746334,0.5030561856815894
20,2024-09-18,2024-09-24,healthcare,8,1169,7,0.006843455945252352,0.0021486202645011783,5,,,,,,0.27018124462114146,0.19363315053458136,0.12639124948171856,0.06826360351711563,0.341530751845443
21,2024-09-25,2024-10-01,healthcare,7,1326,7,0.005279034690799397,-0.001564421254452955,5,,,,,,0.17197707681908006,0.34930275619712653,0.02240391730535925,0.20993380958099372,0.24638244009744042
22,2024-10-02,2024-10-08,healthcare,3,1149,7,0.0026109660574412533,-0.0026680686333581437,5,,,,,,0.027848449112885334,0.415082270291464,0.23209830871751913,0.019487764414899925,0.3054832074632317
23,2024-10-09,2024-10-15,healthcare,7,1187,7,0.005897219882055603,0.0032862538246143493,5,,,,,,0.23734345187088454,0.2144086051612608,0.014288096926385942,0.1386788636601529,0.3952809823813158
24,2024-10-16,2024-10-22,healthcare,2,338,7,0.005917159763313609,1.993988125800674e-05,6,,,,,,0.033982248463433715,0.49359684251964864,0.3144734340884467,0.005337873513886528,0.1526096014145843
25,2024-10-23,2024-10-29,healthcare,0,460,6,0.0,-0.005917159763313609,6,,,,,,,,,,
26,2024-10-30,2024-11-05,healthcare,1,360,7,0.002777777777777778,0.002777777777777778,6,,,,,,0.5573194822150682,0.3440216828655487,0.00196854017150831,0.0,0.09669029474787483
27,2024-11-06,2024-11-12,healthcare,0,360,7,0.0,-0.002777777777777778,6,,,,,,,,,,
28,2024-11-13,2024-11-19,healthcare,4,840,6,0.004761904761904762,0.004761904761904762,7,,,,,,0.37760674124032045,0.2917666077080821,0.037991150405763105,0.18201971684837304,0.1106157837974613
29,2024-11-20,2024-11-26,healthcare,5,1020,7,0.004901960784313725,0.0001400560224089631,7,,,,,,0.16352409435815332,0.1712273868337864,0.11135061754665909,0.013306667474464873,0.5405912337869363
30,2024-11-27,2024-12-03,healthcare,2,540,4,0.003703703703703704,-0.0011982570806100216,7,,,,,,0.10196044093529154,0.0,0.16238028072618166,0.025749227927552326,0.7099100504109744
0,2024-05-01,2024-05-07,immigration,31,900,7,0.034444444444444444,,0,,,,,,0.3239595843155901,0.035094571587734644,0.061185293807207365,0.09225984537126238,0.4875007049182055
1,2024-05-08,2024-05-14,immigration,27,1000,7,0.027,-0.0074444444444444445,0,,,,,,0.23355120380894506,0.13347345573757466,0.06760754701900887,0.07912292617080216,0.4862448672636693
2,2024-05-15,2024-05-21,immigration,13,540,7,0.024074074074074074,-0.0029259259259259256,0,,,,,,0.14476204631908945,0.09000785477341545,0.0923818870922977,0.0929903073322438,0.5798579044829537
3,2024-05-22,2024-05-28,immigration,26,740,7,0.03513513513513514,0.011061061061061063,0,,,,,,0.3757205944511975,0.05314041806290933,0.06316628843892856,0.09446159795978581,0.41351110108717876
4,2024-05-29,2024-06-04,immigration,14,719,7,0.019471488178025034,-0.015663646957110103,1,0,0.659,0.09,1,0.374,0.2854468023552342,0.12285865030228858,0.05469345870016346,0.08223469934467074,0.4547663892976431
5,2024-06-05,2024-06-11,immigration,29,818,7,0.035452322738386305,0.01598083456036127,1,0,0.659,0.09,1,0.374,0.3652699719605318,0.05189300837034091,0.06727764929085425,0.056756948204045234,0.45880242217422784
6,2024-06-12,2024-06-18,immigration,38,1450,7,0.02620689655172414,-0.009245426186662166,1,0,0.659,0.09,1,0.374,0.3813091926890399,0.0747041030413572,0.06526015157877034,0.0737683651475345,0.4049581875432981
7,2024-06-19,2024-06-25,immigration,38,940,7,0.04042553191489362,0.014218635363169481,1,0,0.659,0.09,1,0.374,0.41884294009273365,0.08159557287215152,0.03968626571272602,0.07512958868513361,0.3847456326372552
8,2024-06-26,2024-07-02,immigration,11,645,7,0.017054263565891473,-0.023371268349002147,2,1,0.58,0.116,2,0.348,0.24756658552073466,0.16625193711525893,0.041963957692765466,0.07741207089213667,0.4668054487791043
9,2024-07-03,2024-07-09,immigration,19,1235,7,0.015384615384615385,-0.0016696481812760872,2,1,0.58,0.116,2,0.348,0.22321155204434048,0.12080572802121388,0.013941746161515988,0.1511978572094276,0.49084311656350205
10,2024-07-10,2024-07-16,immigration,31,2385,7,0.0129979035639413,-0.0023867118206740857,2,1,0.58,0.116,2,0.348,0.3433154678730305,0.062253918178218855,0.038687146170607624,0.053410528133587425,0.5023329396445555
11,2024-07-17,2024-07-23,immigration,34,1980,7,0.01717171717171717,0.0041738136077758715,2,1,0.58,0.116,2,0.348,0.22194933699218233,0.1082924915572913,0.13362328090108602,0.13916887523854624,0.3969660153108941
12,2024-07-24,2024-07-30,immigration,23,420,7,0.05476190476190476,0.03759018759018759,3,2,0.566,0.101,3,0.333,0.13907810429911124,0.06978434263982479,0.032849691430458676,0.458623891744199,0.29966396988640637
13,2024-07-31,2024-08-06,immigration,5,80,2,0.0625,0.007738095238095238,3,2,0.566,0.101,3,0.333,0.29224684931959555,0.10752666673974905,0.020072373067885303,0.4035633204809959,0.1765907903917742
14,2024-08-07,2024-08-13,immigration,38,1060,7,0.035849056603773584,-0.026650943396226416,3,2,0.566,0.101,3,0.333,0.29708336009876773,0.07141929248264883,0.08597639475680849,0.2565555378549877,0.2889654148067873
15,2024-08-14,2024-08-20,immigration,46,1140,7,0.04035087719298246,0.004501820589208873,3,2,0.566,0.101,3,0.333,0.27270769895999747,0.12631087329612575,0.023559216717513404,0.1982956310507826,0.3791265799755808
16,2024-08-21,2024-08-27,immigration,7,200,2,0.035,-0.005350877192982453,4,,,,,,0.23404346508213256,0.1333697158650902,0.013846304667258691,0.1907190948850895,0.428021419500429
17,2024-08-28,2024-09-03,immigration,6,120,3,0.05,0.015,4,,,,,,0.3192411118351643,0.01811090023291179,0.04626714427086188,0.41270799096648236,0.2036728526945796
18,2024-09-04,2024-09-10,immigration,8,184,5,0.043478260869565216,-0.006521739130434787,4,,,,,,0.35680671224923,0.08666590801118158,0.024736923802658427,0.32086176759029494,0.21092868834663497
19,2024-09-11,2024-09-17,immigration,14,426,5,0.03286384976525822,-0.010614411104306998,4,,,,,,0.13677935927053878,0.06606179055402717,0.11988325424292315,0.4641381761108057,0.21313741982170517
20,2024-09-18,2024-09-24,immigration,64,1169,7,0.05474764756201882,0.0218837977967606,5,3,0.642,0.142,1,0.392,0.19961193869670402,0.04787743642521277,0.05597996055729233,0.44307630073954996,0.2534543635812409
21,2024-09-25,2024-10-01,immigration,80,1326,7,0.06033182503770739,0.0055841774756885745,5,3,0.642,0.142,1,0.392,0.26966843264351487,0.13926633480751344,0.020875403169721893,0.3457884338493403,0.2244013955299095
22,2024-10-02,2024-10-08,immigration,75,1149,7,0.06527415143603134,0.004942326398323947,5,3,0.642,0.142,1,0.392,0.2482241721852421,0.13554499345004808,0.0555846955351549,0.3105349414907052,0.25011119733884973
23,2024-10-09,2024-10-15,immigration,42,1187,7,0.03538331929233361,-0.029890832143697726,5,3,0.642,0.142,1,0.392,0.2456539242710829,0.16195527212295915,0.049616529984561314,0.2120139083957979,0.33076036522559876
24,2024-10-16,2024-10-22,immigration,11,338,7,0.03254437869822485,-0.0028389405941087603,6,5,0.592,0.172,1,0.382,0.1906706232192577,0.10071594800515758,0.08208910855938543,0.2901471415455999,0.3363771786705994
25,2024-10-23,2024-10-29,immigration,19,460,6,0.041304347826086954,0.008759969127862102,6,5,0.592,0.172,1,0.382,0.18261381760800355,0.14020952364575934,0.04386836960623419,0.41738945240751285,0.21591883673249007
26,2024-10-30,2024-11-05,immigration,10,360,7,0.027777777777777776,-0.013526570048309178,6,5,0.592,0.172,1,0.382,0.158981064305319,0.1340353538483598,0.08791814608599016,0.30087993040793765,0.3181855053523933
27,2024-11-06,2024-11-12,immigration,13,360,7,0.03611111111111111,0.008333333333333331,6,5,0.592,0.172,1,0.382,0.18080315635789143,0.3727878795318855,0.0807535064640701,0.08572862488035134,0.27992683276580166
28,2024-11-13,2024-11-19,immigration,24,840,6,0.02857142857142857,-0.007539682539682537,7,6,0.671,0.23,2,0.45,0.34935353388301676,0.14054580371918365,0.06103533552040386,0.1831648344639736,0.26590049241342206
29,2024-11-20,2024-11-26,immigration,30,1020,7,0.029411764705882353,0.000840336134453782,7,6,0.671,0.23,2,0.45,0.27680575910525856,0.1075063907876622,0.10310629091559821,0.12878869203860582,0.3837928671528752
30,2024-11-27,2024-12-03,immigration,20,540,4,0.037037037037037035,0.0076252723311546824,7,6,0.671,0.23,2,0.45,0.4124881783510005,0.0834795329562122,0.10613414027823258,0.12911530341370647,0.26878284500084826
